Fair State Brewing Cooperative,Giantsbane,,
Fair State Brewing Cooperative,Mirror Universe,,
Fair State Brewing Cooperative,IPA,,
Fair State Brewing Cooperative,Saison Drei,,
Fair State Brewing Cooperative,Ping Pong Tiddley,,
Fair State Brewing Cooperative,Pils,,
Fair State Brewing Cooperative,Vienna Lager,,
Fair State Brewing Cooperative,Razz Roselle,,
Fair State Brewing Cooperative,BFDP,,
Fair State Brewing Cooperative,Extreme Leisure,,
Fair State Brewing Cooperative,Läctobäc,,
Fair State Brewing Cooperative,Roselle,,
Fair State Brewing Cooperative,Bowsaw,,
Fair State Brewing Cooperative,The Brut Squad,,
Fair State Brewing Cooperative,Double Spirit Foul,,
Fair State Brewing Cooperative,Mr. Falcon,,
Fair State Brewing Cooperative,Party Forward,,
LynLake Brewery,Sideburns Milk Stout,,
LynLake Brewery,Take 6,,
LynLake Brewery,Rubbish Oat Amber,,
LynLake Brewery,PonyBoy Gold,,
Eastlake Craft Brewery,Southside Pils,,
Eastlake Craft Brewery,Blueliner,,
Eastlake Craft Brewery,Mendoza Line,,
Eastlake Craft Brewery,Tsathoggua,,
Eastlake Craft Brewery,Mud in your Eye,,
Eastlake Craft Brewery,Almond Milk Stout,,
Eastlake Craft Brewery,Kirby Pucker No8,,
Eastlake Craft Brewery,Kirby Pucker No21,,
Eastlake Craft Brewery,SunDogs',,
Eastlake Craft Brewery,Nicollet Mauler,,
Eastlake Craft Brewery,Dank Aaron,,
Eastlake Craft Brewery,Electric Mayhem,,
Venn Brewing Company,Venn IPA,,
Venn Brewing Company,Breakfast Stout,,
Venn Brewing Company,Batch #126 Black Cherry Sour,,
Venn Brewing Company,Batch #125 Belgian Tripel,,
Venn Brewing Company,Batch #124 Oatmeal Stout,,
Venn Brewing Company,Batch #123 Scottish Export,,
Venn Brewing Company,Batch #122 Ridiculous Anniversary Chocolate Cake Imperial Porter,,
Venn Brewing Company,Batch #121 Belgian Blonde,,
Venn Brewing Company,Batch #120 Citra/Amarillo Pale Ale,,
Venn Brewing Company,Batch #116 El Dorado Session IPA,,
Venn Brewing Company,Bach #115 Helles Lager,,
Venn Brewing Company,Batch #114 Mango Sour,,
Venn Brewing Company,Batch #111 Kölsch,,
Venn Brewing Company,Batch #110 Vienna Lager,,
Venn Brewing Company,Batch #106 Strawberry Wheat,,
Venn Brewing Company,Batch #84 Cranberry Nectar,,
Modist Brewing Company,First Call,,
Modist Brewing Company,German Fatcap!,,
Modist Brewing Company,Dream Yard,,
Modist Brewing Company,False Pattern,,
Modist Brewing Company,Supra Deluxe,,
Modist Brewing Company,Rad Summer,,
Modist Brewing Company,Mallow Cream Ale,,
Modist Brewing Company,Easy Killer Pilsner,,
Modist Brewing Company,Just:You:Wait,,
Modist Brewing Company,People Power Pale Ale,,
Modist Brewing Company,Sprawl Brut IPA,,
Modist Brewing Company,Kiwi Guava Sour,,
Bauhaus Brew Labs,Wonderstuff,,
Bauhaus Brew Labs,Stargrazer,,
Bauhaus Brew Labs,Wagon Party,,
Bauhaus Brew Labs,Sky-Five!,,
Bauhaus Brew Labs,Winterloper,,
Bauhaus Brew Labs,Homeguys,,
Bauhaus Brew Labs,Slawhammer,,
Bauhaus Brew Labs,Crop Circus,,
Surly Brewing Company,Resilience,,
Surly Brewing Company,Furious,,
Surly Brewing Company,Axe Man,,
Surly Brewing Company,DAF,,
Surly Brewing Company,Space Race,,
Surly Brewing Company,Pentagram,,
Surly Brewing Company,Liquid Stardust,,
Surly Brewing Company,Staycation,,
Surly Brewing Company,Circular Reasoning,,
Surly Brewing Company,Weizenbock,,
Surly Brewing Company,Death Comes in Threes,,
Surly Brewing Company,Bender,,
Surly Brewing Company,Coffee Bender,,
Surly Brewing Company,Mortal Sun,,
Surly Brewing Company,Simspons Scottish Ale,,
Surly Brewing Company,Rosé ,,
Surly Brewing Company,Cynic,,
Surly Brewing Company,Lime Lager,,
Surly Brewing Company,Frisson,,
Surly Brewing Company,Xtra-Citra,,
Surly Brewing Company,Vanishing Angle,,
Surly Brewing Company,Logical Rift,,
Surly Brewing Company,Krautrock,,
Surly Brewing Company,Pyrotechnic Pils,,
Surly Brewing Company,Lizard Brain,,
Surly Brewing Company,Doppelbock,,
Surly Brewing Company,Cacao Bender,,
Surly Brewing Company,Baow,,
Surly Brewing Company,Bitter Brewer,,
Surly Brewing Company,Seafoam,,
Surly Brewing Company,Youthful Exuberance,,
Surly Brewing Company,Witch's Tower,,
Surly Brewing Company,Wake N' Haze,,
Surly Brewing Company,Dots and Loops,,
Surly Brewing Company,Sleek IPA,,
Surly Brewing Company,Grindcore,,
Surly Brewing Company,+1,,
Surly Brewing Company,Brut IPA,,
Surly Brewing Company,Pentagram,,
Surly Brewing Company,Hell,,
Surly Brewing Company,Fiery Hell,,
Surly Brewing Company,Barrel-Aged Pentagram,,
Surly Brewing Company,Barrel-Aged Ten,,
Surly Brewing Company,Misanthrope,,
Surly Brewing Company,Darkness 2010,,
Surly Brewing Company,Darkness 2017,,
Excelsior Brewing,Big Island Blond Ale,,
Excelsior Brewing,Bridge Jumper IPA,,
Excelsior Brewing,Bitteschlappe Brown Ale,,
Excelsior Brewing,XLCR American Pale Ale,,
Day Block Brewing,Imperial Milk Stout (Nitro),,
Day Block Brewing,Toy Planes' Hoppy Wheat,,
Day Block Brewing,Stadium Blonde,,
Day Block Brewing,Citra Favorite,,
Day Block Brewing,Leondard Day IPA,,
Day Block Brewing,Frank's Red Ale,,
Fulton Beer,Lonely Blonde,,
Fulton Beer,War and Peace,,
Fulton Beer,MPLS Mild,,
Fulton Beer,300,,
Fulton Beer,Patience,,
Fulton Beer,Sweet Child of vine,,
Fulton Beer,Standard,,
Fulton Beer,Hopstar,,
Fulton Beer,Pils,,
Fulton Beer,Specter,,
Fulton Beer,"Whiskey, War & Peace",,
Fulton Beer,Proper Porter,,
Fulton Beer,Fika,,
Fulton Beer,On The Other Hand,,
Fulton Beer,Double Dry Hopped 300,,
Fulton Beer,Cold Press Proper Porter,,
612 Brew,RV4,,
612 Brew,Upstairs Downstairs,,
612 Brew,Light Into Ashes,,
612 Brew,IPA on Cask,,
612 Brew,Don't Call it a Comeback,,
612 Brew,Soft Skills,,
612 Brew,IPA,,
612 Brew,Unrated Rye IPA,,
612 Brew,Resilience,,
612 Brew,Mill City Pilsner,,
Boom Island Brewing,Hoodoo,,
Boom Island Brewing,Brimstone,,
Boom Island Brewing,Django Hop Bier,,
Boom Island Brewing,Witness,,
Day Block Brewing Co,Imperial Milk Stout,,
Day Block Brewing Co,Toy Plane's Hoppy Wheat,,
Day Block Brewing Co,Stadium Blonde,,
Day Block Brewing Co,Citra Favorite,,
Day Block Brewing Co,Leonard Day IPA,,
Day Block Brewing Co,Frank's Red Ale,,
Finnegan's Brewery,Finnegan's Irish Ale,,
Finnegan's Brewery,Cluster Truck IPA,,
Finnegan's Brewery,Tipped Cow Farmhouse Ale,,
Finnegan's Brewery,East Town Pilsner,,
Finnegan's Brewery,Dead Irish Poet,,
Finnegan's Brewery,Running with Axes Pale Ale,,
Finnegan's Brewery,Brim Reaper Rye IPA,,
Finnegan's Brewery,Armory Laker Blonde,,
Finnegan's Brewery,Biere De Garde,,
Finnegan's Brewery,Biere De Mars,,
Finnegan's Brewery,Einer,,
Finnegan's Brewery,Oakedtoberfest,,
Finnegan's Brewery,Biere De Noel,,
Finnegan's Brewery,My Little Rose,,
Freehouse Brewery,No.1 - Kolsch Style Ale,,
Freehouse Brewery,No.2 - IPA,,
Freehouse Brewery,No.3 - Brown Ale,,
Freehouse Brewery,No.4 - Stout,,
Lakes and Legends Brewery,Barncat Farmhouse IPA,,
Lakes and Legends Brewery,Great Wit North,,
Lakes and Legends Brewery,Marigold,,
Lakes and Legends Brewery,St. Gail,,
Lakes and Legends Brewery,Blue Fruit,,
Lakes and Legends Brewery,Cool for the Summer,,
Lakes and Legends Brewery,Silky Oatmeal Stout,,
Lakes and Legends Brewery,Park Light Pale Ale,,
Lakes and Legends Brewery,Barley Wine,,
Lakes and Legends Brewery,5-Weight Cream Ale,,
Lakes and Legends Brewery,Fly By Night - Dark Saison,,
Minneapolis Town Hall Brewery,Eye Wine Red,,
Minneapolis Town Hall Brewery,Manhatten Reserve,,
Minneapolis Town Hall Brewery,Dortmunder Local Export Lager,,
Minneapolis Town Hall Brewery,West Bank Pale Ale,,
Minneapolis Town Hall Brewery,Masala Mama IPA,,
Minneapolis Town Hall Brewery,Hope & King Scotch Ale,,
Minneapolis Town Hall Brewery,Black H20 Oatmeal Stout,,
Minneapolis Town Hall Brewery,Parkway Java Porter (Nitro),,
Minneapolis Town Hall Brewery,Eye of the Storm,,
Minneapolis Town Hall Brewery,Raspberry Belgian Strong,,
Minneapolis Town Hall Brewery,Birdsfoot Blonde,,
Minneapolis Town Hall Brewery,Broken Paddle ESB,,
Minneapolis Town Hall Brewery,Near Gale,,
Minneapolis Town Hall Brewery,Elves' Elixir,,
Minneapolis Town Hall Brewery,Azacca Strong Pale,,
Minneapolis Town Hall Brewery,Dry Shien IPA,,
Minneapolis Town Hall Brewery,Festivus,,
Minneapolis Town Hall Brewery,Harvest Amber Ale,,
Minneapolis Town Hall Brewery,Twisted Realty,,
Minneapolis Town Hall Brewery,Russian Roulette,,
Minneapolis Town Hall Brewery,Cherry Grand Cru,,
Minneapolis Town Hall Brewery,Foolish,,
Rockbottom Brewery,Northern Lights Kolsch,,
Rockbottom Brewery,Cherry Wheat,,
Rockbottom Brewery,25th Anniversary IPA with Cranberry,,
Rockbottom Brewery,Evergreen Red IPA,,
Rockbottom Brewery,Howling Loon IPA,,
Rockbottom Brewery,Rye IPA,,
Rockbottom Brewery,SKOL! Amber,,
Rockbottom Brewery,Wicked Elf Bargain Dark Strong,,
Rockbottom Brewery,Winter Palace Baltic Porter,,
Rockbottom Brewery,Rye IPA on Cask,,
Rockbottom Brewery,Winer Palace Baltic Porter on Nitro,,
Sisyphus Brewing,Kentucky Common,,
Sisyphus Brewing,Mango Guava Neverlasting Gobstopper,,
Sisyphus Brewing,Scoopshot IPA,,
Sisyphus Brewing,TILT! Pale Ale,,
Sisyphus Brewing,Winter Warmer with Cinnamon,,
Sisyphus Brewing,How Now Brown Cow,,
Sisyphus Brewing,Peanut Butter Jackpot!,,
Sisyphus Brewing,Hat Trick,,
Utepils Brewing,Boomstacker,,
Utepils Brewing,Ewald the Dark,,
Utepils Brewing,Ewald the Wildman,,
Utepils Brewing,Pils,,
Utepils Brewing,Alt 1848,,
Utepils Brewing,Glocal IPA,,
Utepils Brewing,Ewald the Golden ,,
Utepils Brewing,Copacetic,,
Utepils Brewing,Totally Wirth It,,ƒ
Utepils Brewing,Keller Pils,,
Utepils Brewing,Ewald the Brilliant,,
Utepils Brewing,Receptional,,
Utepils Brewing,2018 Moment,,
Barrel Theory,Brewers' Tricks,,
Barrel Theory,Double Dry Hopped Rain Drops,,
Barrel Theory,Ghost Train Haze,,
Barrel Theory,Juicy Boi,,
Barrel Theory,Rain Drops,,
Barrel Theory,Shooter McGavin,,
Barrel Theory,Slime Green Paint,,
Barrel Theory,Spring Break '98,,
Barrel Theory,The Magic Man,,
Barrel Theory,This Isn't My Final Form,,
Barrel Theory,What the Fluff,,
Barrel Theory,You Up?,,
Dangerous Man Brewery,Belgian Golden Strong,,
Dangerous Man Brewery,Belgian Grand Cru,,
Dangerous Man Brewery,Centennial Cryo IPA,,
Dangerous Man Brewery,Chocolate Milk Stout,,
Dangerous Man Brewery,Cream Ale,,
Dangerous Man Brewery,Dark Blackberry Sour,,
Dangerous Man Brewery,Galaxy Brut IPA,,
Dangerous Man Brewery,House IPA,,
Dangerous Man Brewery,Kolsch,,
Dangerous Man Brewery,Peanut Butter Porter,,
Dangerous Man Brewery,Rooibos Vanilla Red,,
Dangerous Man Brewery,Section Hike (Cedar & Juniper Lager,,
Dangerous Man Brewery,Tangerine Vegan Matcha Creamsicle,,
Able Seedhouse and Brewery,First Light American IPA,,
Able Seedhouse and Brewery,House Red American Red Ale,,
Able Seedhouse and Brewery,BLK WLF Stout,,
Able Seedhouse and Brewery,Propers Pub Ale,,
Able Seedhouse and Brewery,Supergiant Golden Ale,,
Able Seedhouse and Brewery,Cosmic Fruit Citrus Pale Ale,,
Insight Brewing Co.,Mega Dankbot Double IPA,,
Insight Brewing Co.,Gravity Well Oak Barrel-Aged Imperial Stout,,
Insight Brewing Co.,Gravity Well Bourbon Barrel-Aged Imperial Stout,,
Insight Brewing Co.,Gravity Well Scotch Barrel-Aged Imperial Stout,,
Insight Brewing Co.,Gravity Well Cognac Barrel-Aged Imperial Stout,,
Insight Brewing Co.,Gravity Well Maple Barrel-Aged Imperial Stout,,
Insight Brewing Co.,Troll Way Citrus IPA,,
Insight Brewing Co.,Splendid Moose NE Pale Ale,,
Insight Brewing Co.,Phantom Taxi Double IPA,,
Insight Brewing Co.,Banshee Cutter Coffee Golden Ale,,
Insight Brewing Co.,Devil's Companion London-Style Porter,,
Insight Brewing Co.,Dankbot IPA,,
Insight Brewing Co.,Royal Nuisance Unfiltered German Lager,,
Insight Brewing Co.,Lovely Vision Brut IPA,,
Indeed Brewing Co.,Day Tripper Pale Ale,,
Indeed Brewing Co.,B-Side Pils,,
Indeed Brewing Co.,Lucy Session Sour Ale,,
Indeed Brewing Co.,Let It Ride IPA,,
Indeed Brewing Co.,Peach Bum IPA,,
Indeed Brewing Co.,Flavorwave IPA,,
Indeed Brewing Co.,Shenanigans Summer Ale,,
Indeed Brewing Co.,Stir Crazy Porter,,
HeadFlyer Brewing,None the Wiser Golden Ale,,
HeadFlyer Brewing,Rasberry Beret Raspberry Wheat,,
HeadFlyer Brewing,Wicked Jumpshot Pale Ale,,
HeadFlyer Brewing,Stranger in the Alps Vienna Lager,,
HeadFlyer Brewing,Emoji IPA ,,
HeadFlyer Brewing,It Was All A Dream Juicy IPA,,
HeadFlyer Brewing,Kingfield Coffee Porter,,
HeadFlyer Brewing,Royale Wit Belgian Wit,,
HeadFlyer Brewing,Bamf'd Barrel-Aged Stout,,
HeadFlyer Brewing,Vanilla Ben Porter,,
Summit Brewing Company,Extra Pale Ale,,
Summit Brewing Company,Saga IPA,,
Summit Brewing Company,Dakota Soul Czech-Style Pilsner,,
Summit Brewing Company,Keller Pils,,
Summit Brewing Company,Great Northern Porter,,
Summit Brewing Company,Oatmeal Stout ,,
Summit Brewing Company,Winter Ale (Seasonal),,
Summit Brewing Company,Oktoberfest (Seasonal),,
Summit Brewing Company,Maibock (Seasonal),,
Summit Brewing Company,Summer Ale (Seasonal),,
Summit Brewing Company,Twenty-One IPA (Limited),,
Summit Brewing Company,Triple Rye Amber Ale (Limited),,
Summit Brewing Company,Get Smoked Porter (Limited),,
Summit Brewing Company,XPA One Pale Ale (Limited),,
Summit Brewing Company,High Sticke Alt (Limited),,
Summit Brewing Company,Union Series #7 (Limited),,
Summit Brewing Company,Dark Infusion (Limited),,
Summit Brewing Company,Cranky Woodman (Limited),,
Bad Weather Brewery,Dusk Light American Brown Ale,,
Bad Weather Brewery,The Hopcomancer West Coast IPA,,
Bad Weather Brewery,Starless Rye Black Rye IPA,,
Bad Weather Brewery,Comet Shower American Pale Ale,,
Bad Weather Brewery,Tripel Vortex Belgian Tripel,,
Bad Weather Brewery,Migration Blone Ale,,
Bad Weather Brewery,Scottish Mist Scottish Light Ale,,
Bad Weather Brewery,Galactic Tide Rye Porter,,
Bad Weather Brewery,Ominous Double Brown Ale,,
Bad Weather Brewery,Munich Dunkel Lager,,
Bad Weather Brewery,Biere De Garde,,
Bad Weather Brewery,Rasberry Anomaly Sour Ale,,
Bad Weather Brewery,Gose Sour German Wheat,,
Inbound BrewCo,Barrel Aged Wild Rice Porter,,
Inbound BrewCo,Wild Rice Porter,,
Inbound BrewCo,Russian Imperial Stout,,
Inbound BrewCo,Peanut Butter Milk Stout,,
Inbound BrewCo,Milk Stout,,
Inbound BrewCo,Resilence IPA,,
Inbound BrewCo,Fruit of the Loop: Citrus IPA,,
Inbound BrewCo,Brut IPA,,
Inbound BrewCo,Minnemosa Brut IPA,,
Inbound BrewCo,The Fuzz: Apricot Pale Ale,,
Inbound BrewCo,Super Glovskake,,
Inbound BrewCo,Chinook IPA,,
Inbound BrewCo,Juicy Lucy,,
Inbound BrewCo,Mango American IPA,,
Inbound BrewCo,Laser Loon: Kolsch,,
Inbound BrewCo,Rasberry Kolsch,,
Inbound BrewCo,Vienna Lager,,
Inbound BrewCo,Nolo Pale Ale,,
Inbound BrewCo,Raspberry Milkshake Gose,,
Inbound BrewCo,Abbey Single,,
Inbound BrewCo,Abbey Tripel,,
Inbound BrewCo,Gose Sour Ale,,
Lake Monster Brewing,Como Claw Pilsner,,
Lake Monster Brewing,Buddy Check Juicy Pale Ale,,
Lake Monster Brewing,Empty Rowboat IPA,,
Lake Monster Brewing,Murmur Milk Stout,,
Lake Monster Brewing,Last Fathom Wild Rice Lager,,
Lake Monster Brewing,Monster SMASH 12.0,,
Lake Monster Brewing,Blood Orange IPA,,
Lake Monster Brewing,India Pale Gose,,
Lake Monster Brewing,Raspberry Berliner,,
Lake Monster Brewing,Apricot Gose,,
Lake Monster Brewing,Apple Cranberry Sour,,
Bald Man Brewing,Heart of Glass Blondie Ale,,
Bald Man Brewing,Purple Haze Bro Hazy IPA,,
Bald Man Brewing,Young American Pale Ale,,
Bald Man Brewing,Rocktoberfest Marzen Lager,,
Bald Man Brewing,Misty Mountain Hops IPA,,
Bald Man Brewing,Batch 100 Imperial Brown Ale,,
Bald Man Brewing,Tupelo Honey Brown Ale,,
Bald Man Brewing,Dark Side of the Moon Porter,,
Tin Whiskers Brewing Co.,Wheatstone Bridge,,
Tin Whiskers Brewing Co.,Flip Switch IPA,,
Tin Whiskers Brewing Co.,Nut Goodie Porter,,
Tin Whiskers Brewing Co.,Electric Love,,
Tin Whiskers Brewing Co.,Wheatstone Radler,,
Tin Whiskers Brewing Co.,Gamma Ray Double IPA,,
Tin Whiskers Brewing Co.,Elemental Cream Ale,,
Tin Whiskers Brewing Co.,Distortion Mango New England IPA,,
Tin Whiskers Brewing Co.,Irish Cream Stout,,
Tin Whiskers Brewing Co.,Nebula,,